record_type,experiment,comparison,model,baseline_model,metric,seed,seeds,n,n_pairs,mean,sample_sd,value,baseline_mean,method_mean,mean_difference,ci95_lower,ci95_upper,test_name,statistic,p_value,holm_adjusted_p,alpha,significant,effect_size_name,effect_size,training_seconds,validation_seconds,selected_epoch,selected_checkpoint,total_parameters,trainable_parameters,configuration,condition,std_method,ci_method,higher_is_better,timing_scope,notes
seed_level_result,main,,vanilla,,val_ood_acc,0,,,,,,0.962038734815494,,,,,,,,,,,,,,,,0,,,,,,,,,,legacy run; runtime/config metadata not recorded
seed_level_result,main,,vanilla,,test_ood_acc,0,,,,,,0.9516189714769441,,,,,,,,,,,,,,,,0,,,,,,,,,,legacy run; runtime/config metadata not recorded
seed_level_result,main,,vanilla,,val_ood_acc,1,,,,,,0.9641874856749942,,,,,,,,,,,,,,,,0,,,,,,,,,,legacy run; runtime/config metadata not recorded
seed_level_result,main,,vanilla,,test_ood_acc,1,,,,,,0.9192160274649046,,,,,,,,,,,,,,,,0,,,,,,,,,,legacy run; runtime/config metadata not recorded
seed_level_result,main,,vanilla,,val_ood_acc,2,,,,,,0.9619814347925739,,,,,,,,,,,,,,,,0,,,,,,,,,,legacy run; runtime/config metadata not recorded
seed_level_result,main,,vanilla,,test_ood_acc,2,,,,,,0.9109742046229454,,,,,,,,,,,,,,,,0,,,,,,,,,,legacy run; runtime/config metadata not recorded
seed_level_result,main,,vanilla,,val_ood_acc,3,,,,,,0.9679979371991749,,,,,,,,,,,,,,,,0,,,,,,,,,,legacy run; runtime/config metadata not recorded
seed_level_result,main,,vanilla,,test_ood_acc,3,,,,,,0.9584616831659887,,,,,,,,,,,,,,,,0,,,,,,,,,,legacy run; runtime/config metadata not recorded
seed_level_result,main,,vanilla,,val_ood_acc,4,,,,,,0.9648750859500344,,,,,,,,,,,,,,,,0,,,,,,,,,,legacy run; runtime/config metadata not recorded
seed_level_result,main,,vanilla,,test_ood_acc,4,,,,,,0.9590377877583652,,,,,,,,,,,,,,,,0,,,,,,,,,,legacy run; runtime/config metadata not recorded
seed_level_result,main,,vanilla,,val_ood_acc,5,,,,,,0.968570937428375,,,,,,,,,,,,,,,,0,,,,,,,,,,legacy run; runtime/config metadata not recorded
seed_level_result,main,,vanilla,,test_ood_acc,5,,,,,,0.9653043948550333,,,,,,,,,,,,,,,,0,,,,,,,,,,legacy run; runtime/config metadata not recorded
seed_level_result,main,,vanilla,,val_ood_acc,6,,,,,,0.9657918863167545,,,,,,,,,,,,,,,,0,,,,,,,,,,legacy run; runtime/config metadata not recorded
seed_level_result,main,,vanilla,,test_ood_acc,6,,,,,,0.9378630046793801,,,,,,,,,,,,,,,,0,,,,,,,,,,legacy run; runtime/config metadata not recorded
seed_level_result,main,,vanilla,,val_ood_acc,7,,,,,,0.9714645885858354,,,,,,,,,,,,,,,,0,,,,,,,,,,legacy run; runtime/config metadata not recorded
seed_level_result,main,,vanilla,,test_ood_acc,7,,,,,,0.9553695299456816,,,,,,,,,,,,,,,,0,,,,,,,,,,legacy run; runtime/config metadata not recorded
seed_level_result,main,,vanilla,,val_ood_acc,8,,,,,,0.9642161356864543,,,,,,,,,,,,,,,,0,,,,,,,,,,legacy run; runtime/config metadata not recorded
seed_level_result,main,,vanilla,,test_ood_acc,8,,,,,,0.9077879935100054,,,,,,,,,,,,,,,,0,,,,,,,,,,legacy run; runtime/config metadata not recorded
seed_level_result,main,,vanilla,,val_ood_acc,9,,,,,,0.9588299335319734,,,,,,,,,,,,,,,,0,,,,,,,,,,legacy run; runtime/config metadata not recorded
seed_level_result,main,,vanilla,,test_ood_acc,9,,,,,,0.9608954311378654,,,,,,,,,,,,,,,,0,,,,,,,,,,legacy run; runtime/config metadata not recorded
seed_level_result,main,,vanilla,,val_ood_acc,10,,,,,,0.968714187485675,,,,,,,,,,,,,,,,0,,,,,,,,,,legacy run; runtime/config metadata not recorded
seed_level_result,main,,vanilla,,test_ood_acc,10,,,,,,0.9416253203846968,,,,,,,,,,,,,,,,0,,,,,,,,,,legacy run; runtime/config metadata not recorded
seed_level_result,main,,vanilla,,val_ood_acc,11,,,,,,0.9659351363740546,,,,,,,,,,,,,,,,0,,,,,,,,,,legacy run; runtime/config metadata not recorded
seed_level_result,main,,vanilla,,test_ood_acc,11,,,,,,0.9063183389376162,,,,,,,,,,,,,,,,0,,,,,,,,,,legacy run; runtime/config metadata not recorded
seed_level_result,main,,vanilla,,val_ood_acc,12,,,,,,0.968599587439835,,,,,,,,,,,,,,,,0,,,,,,,,,,legacy run; runtime/config metadata not recorded
seed_level_result,main,,vanilla,,test_ood_acc,12,,,,,,0.9664566040397865,,,,,,,,,,,,,,,,0,,,,,,,,,,legacy run; runtime/config metadata not recorded
seed_level_result,main,,vanilla,,val_ood_acc,13,,,,,,0.968857437542975,,,,,,,,,,,,,,,,0,,,,,,,,,,legacy run; runtime/config metadata not recorded
seed_level_result,main,,vanilla,,test_ood_acc,13,,,,,,0.9487854774613774,,,,,,,,,,,,,,,,0,,,,,,,,,,legacy run; runtime/config metadata not recorded
seed_level_result,main,,vanilla,,val_ood_acc,14,,,,,,0.9652475360990145,,,,,,,,,,,,,,,,0,,,,,,,,,,legacy run; runtime/config metadata not recorded
seed_level_result,main,,vanilla,,test_ood_acc,14,,,,,,0.9686081783337644,,,,,,,,,,,,,,,,0,,,,,,,,,,legacy run; runtime/config metadata not recorded
model_summary,main,,vanilla,,val_ood_acc,,,15,,0.9658205363282145,0.003315187820667631,,,,,,,,,,,,,,,,,,,,,,,sample SD (ddof=1),,True,,
model_summary,main,,vanilla,,test_ood_acc,,,15,,0.9438881965182905,0.022319058441556076,,,,,,,,,,,,,,,,,,,,,,,sample SD (ddof=1),,True,,
seed_level_result,main,,GPSA (default),,val_ood_acc,0,,,,,,0.931812972725189,,,,,,,,,,,,,,,,0,,,,,,,,,,legacy run; runtime/config metadata not recorded
seed_level_result,main,,GPSA (default),,test_ood_acc,0,,,,,,0.9455404801655419,,,,,,,,,,,,,,,,0,,,,,,,,,,legacy run; runtime/config metadata not recorded
seed_level_result,main,,GPSA (default),,val_ood_acc,1,,,,,,0.9232179692871877,,,,,,,,,,,,,,,,0,,,,,,,,,,legacy run; runtime/config metadata not recorded
seed_level_result,main,,GPSA (default),,test_ood_acc,1,,,,,,0.9486796623321655,,,,,,,,,,,,,,,,0,,,,,,,,,,legacy run; runtime/config metadata not recorded
seed_level_result,main,,GPSA (default),,val_ood_acc,2,,,,,,0.9149667659867063,,,,,,,,,,,,,,,,0,,,,,,,,,,legacy run; runtime/config metadata not recorded
seed_level_result,main,,GPSA (default),,test_ood_acc,2,,,,,,0.9087285724363345,,,,,,,,,,,,,,,,0,,,,,,,,,,legacy run; runtime/config metadata not recorded
seed_level_result,main,,GPSA (default),,val_ood_acc,3,,,,,,0.9325292230116892,,,,,,,,,,,,,,,,0,,,,,,,,,,legacy run; runtime/config metadata not recorded
seed_level_result,main,,GPSA (default),,test_ood_acc,3,,,,,,0.9311378653561267,,,,,,,,,,,,,,,,0,,,,,,,,,,legacy run; runtime/config metadata not recorded
seed_level_result,main,,GPSA (default),,val_ood_acc,4,,,,,,0.9386030254412102,,,,,,,,,,,,,,,,0,,,,,,,,,,legacy run; runtime/config metadata not recorded
seed_level_result,main,,GPSA (default),,test_ood_acc,4,,,,,,0.9587908857902039,,,,,,,,,,,,,,,,0,,,,,,,,,,legacy run; runtime/config metadata not recorded
seed_level_result,main,,GPSA (default),,val_ood_acc,5,,,,,,0.9325292230116892,,,,,,,,,,,,,,,,0,,,,,,,,,,legacy run; runtime/config metadata not recorded
seed_level_result,main,,GPSA (default),,test_ood_acc,5,,,,,,0.9583205963270393,,,,,,,,,,,,,,,,0,,,,,,,,,,legacy run; runtime/config metadata not recorded
seed_level_result,main,,GPSA (default),,val_ood_acc,6,,,,,,0.9340190236076095,,,,,,,,,,,,,,,,0,,,,,,,,,,legacy run; runtime/config metadata not recorded
seed_level_result,main,,GPSA (default),,test_ood_acc,6,,,,,,0.9233310602675947,,,,,,,,,,,,,,,,0,,,,,,,,,,legacy run; runtime/config metadata not recorded
seed_level_result,main,,GPSA (default),,val_ood_acc,7,,,,,,0.9366261746504698,,,,,,,,,,,,,,,,0,,,,,,,,,,legacy run; runtime/config metadata not recorded
seed_level_result,main,,GPSA (default),,test_ood_acc,7,,,,,,0.9384861382180733,,,,,,,,,,,,,,,,0,,,,,,,,,,legacy run; runtime/config metadata not recorded
seed_level_result,main,,GPSA (default),,val_ood_acc,8,,,,,,0.9145656658262663,,,,,,,,,,,,,,,,0,,,,,,,,,,legacy run; runtime/config metadata not recorded
seed_level_result,main,,GPSA (default),,test_ood_acc,8,,,,,,0.9458579255531779,,,,,,,,,,,,,,,,0,,,,,,,,,,legacy run; runtime/config metadata not recorded
seed_level_result,main,,GPSA (default),,val_ood_acc,9,,,,,,0.9417545267018107,,,,,,,,,,,,,,,,0,,,,,,,,,,legacy run; runtime/config metadata not recorded
seed_level_result,main,,GPSA (default),,test_ood_acc,9,,,,,,0.9550755990312038,,,,,,,,,,,,,,,,0,,,,,,,,,,legacy run; runtime/config metadata not recorded
model_summary,main,,GPSA (default),,val_ood_acc,,,10,,0.9300624570249829,0.009419213356193834,,,,,,,,,,,,,,,,,,,,,,,sample SD (ddof=1),,True,,
model_summary,main,,GPSA (default),,test_ood_acc,,,10,,0.9413948785477462,0.016239499702007866,,,,,,,,,,,,,,,,,,,,,,,sample SD (ddof=1),,True,,
seed_level_result,main,,GPSA (tuned),,val_ood_acc,0,,,,,,0.9584001833600734,,,,,,,,,,,,,,,,0,,,,,,,,,,legacy run; runtime/config metadata not recorded
seed_level_result,main,,GPSA (tuned),,test_ood_acc,0,,,,,,0.9487972346979566,,,,,,,,,,,,,,,,0,,,,,,,,,,legacy run; runtime/config metadata not recorded
seed_level_result,main,,GPSA (tuned),,val_ood_acc,1,,,,,,0.9567384826953931,,,,,,,,,,,,,,,,0,,,,,,,,,,legacy run; runtime/config metadata not recorded
seed_level_result,main,,GPSA (tuned),,test_ood_acc,1,,,,,,0.9599666094481153,,,,,,,,,,,,,,,,0,,,,,,,,,,legacy run; runtime/config metadata not recorded
seed_level_result,main,,GPSA (tuned),,val_ood_acc,2,,,,,,0.9589445335778134,,,,,,,,,,,,,,,,0,,,,,,,,,,legacy run; runtime/config metadata not recorded
seed_level_result,main,,GPSA (tuned),,test_ood_acc,2,,,,,,0.9631293060878972,,,,,,,,,,,,,,,,0,,,,,,,,,,legacy run; runtime/config metadata not recorded
seed_level_result,main,,GPSA (tuned),,val_ood_acc,3,,,,,,0.9588012835205134,,,,,,,,,,,,,,,,0,,,,,,,,,,legacy run; runtime/config metadata not recorded
seed_level_result,main,,GPSA (tuned),,test_ood_acc,3,,,,,,0.9534178286735485,,,,,,,,,,,,,,,,0,,,,,,,,,,legacy run; runtime/config metadata not recorded
seed_level_result,main,,GPSA (tuned),,val_ood_acc,4,,,,,,0.9618954847581939,,,,,,,,,,,,,,,,0,,,,,,,,,,legacy run; runtime/config metadata not recorded
seed_level_result,main,,GPSA (tuned),,test_ood_acc,4,,,,,,0.9687139934629765,,,,,,,,,,,,,,,,0,,,,,,,,,,legacy run; runtime/config metadata not recorded
seed_level_result,main,,GPSA (tuned),,val_ood_acc,5,,,,,,0.9620960348384139,,,,,,,,,,,,,,,,0,,,,,,,,,,legacy run; runtime/config metadata not recorded
seed_level_result,main,,GPSA (tuned),,test_ood_acc,5,,,,,,0.9378747619159593,,,,,,,,,,,,,,,,0,,,,,,,,,,legacy run; runtime/config metadata not recorded
seed_level_result,main,,GPSA (tuned),,val_ood_acc,6,,,,,,0.9557930323172129,,,,,,,,,,,,,,,,0,,,,,,,,,,legacy run; runtime/config metadata not recorded
seed_level_result,main,,GPSA (tuned),,test_ood_acc,6,,,,,,0.9485973616761116,,,,,,,,,,,,,,,,0,,,,,,,,,,legacy run; runtime/config metadata not recorded
seed_level_result,main,,GPSA (tuned),,val_ood_acc,7,,,,,,0.9609213843685538,,,,,,,,,,,,,,,,0,,,,,,,,,,legacy run; runtime/config metadata not recorded
seed_level_result,main,,GPSA (tuned),,test_ood_acc,7,,,,,,0.9540879911585581,,,,,,,,,,,,,,,,0,,,,,,,,,,legacy run; runtime/config metadata not recorded
seed_level_result,main,,GPSA (tuned),,val_ood_acc,8,,,,,,0.9545610818244328,,,,,,,,,,,,,,,,0,,,,,,,,,,legacy run; runtime/config metadata not recorded
seed_level_result,main,,GPSA (tuned),,test_ood_acc,8,,,,,,0.9456933242410703,,,,,,,,,,,,,,,,0,,,,,,,,,,legacy run; runtime/config metadata not recorded
seed_level_result,main,,GPSA (tuned),,val_ood_acc,9,,,,,,0.9618095347238139,,,,,,,,,,,,,,,,0,,,,,,,,,,legacy run; runtime/config metadata not recorded
seed_level_result,main,,GPSA (tuned),,test_ood_acc,9,,,,,,0.9303736449784843,,,,,,,,,,,,,,,,0,,,,,,,,,,legacy run; runtime/config metadata not recorded
seed_level_result,main,,GPSA (tuned),,val_ood_acc,10,,,,,,0.949919779967912,,,,,,,,,,,,,,,,0,,,,,,,,,,legacy run; runtime/config metadata not recorded
seed_level_result,main,,GPSA (tuned),,test_ood_acc,10,,,,,,0.9664448468032074,,,,,,,,,,,,,,,,0,,,,,,,,,,legacy run; runtime/config metadata not recorded
seed_level_result,main,,GPSA (tuned),,val_ood_acc,11,,,,,,0.9618668347467338,,,,,,,,,,,,,,,,0,,,,,,,,,,legacy run; runtime/config metadata not recorded
seed_level_result,main,,GPSA (tuned),,test_ood_acc,11,,,,,,0.9602958120723305,,,,,,,,,,,,,,,,0,,,,,,,,,,legacy run; runtime/config metadata not recorded
seed_level_result,main,,GPSA (tuned),,val_ood_acc,12,,,,,,0.9575979830391932,,,,,,,,,,,,,,,,0,,,,,,,,,,legacy run; runtime/config metadata not recorded
seed_level_result,main,,GPSA (tuned),,test_ood_acc,12,,,,,,0.9503609471629788,,,,,,,,,,,,,,,,0,,,,,,,,,,legacy run; runtime/config metadata not recorded
seed_level_result,main,,GPSA (tuned),,val_ood_acc,13,,,,,,0.9602051340820537,,,,,,,,,,,,,,,,0,,,,,,,,,,legacy run; runtime/config metadata not recorded
seed_level_result,main,,GPSA (tuned),,test_ood_acc,13,,,,,,0.9486208761492698,,,,,,,,,,,,,,,,0,,,,,,,,,,legacy run; runtime/config metadata not recorded
seed_level_result,main,,GPSA (tuned),,val_ood_acc,14,,,,,,0.9325005730002291,,,,,,,,,,,,,,,,0,,,,,,,,,,legacy run; runtime/config metadata not recorded
seed_level_result,main,,GPSA (tuned),,test_ood_acc,14,,,,,,0.9298680838055824,,,,,,,,,,,,,,,,0,,,,,,,,,,legacy run; runtime/config metadata not recorded
model_summary,main,,GPSA (tuned),,val_ood_acc,,,15,,0.9568034227213692,0.007507103306415844,,,,,,,,,,,,,,,,,,,,,,,sample SD (ddof=1),,True,,
model_summary,main,,GPSA (tuned),,test_ood_acc,,,15,,0.9510828414889365,0.011864323246159785,,,,,,,,,,,,,,,,,,,,,,,sample SD (ddof=1),,True,,
paired_test,main,vanilla vs GPSA (default),GPSA (default),vanilla,test_ood_acc,,0;1;2;3;4;5;6;7;8;9,,10,,,,0.9426529028617114,0.9413948785477462,-0.0012580243139652225,-0.01570184291585356,0.013185794287923115,wilcoxon,19.0,0.431640625,0.86328125,0.05,False,Cohen's dz,-0.06230598747317242,,,,,,,,,,unadjusted two-sided paired t interval,True,,Holm correction across the three planned paired comparisons
paired_test,main,vanilla vs GPSA (default),GPSA (default),vanilla,test_ood_acc,,0;1;2;3;4;5;6;7;8;9,,10,,,,0.9426529028617114,0.9413948785477462,-0.0012580243139652225,-0.01570184291585356,0.013185794287923115,ttest,-0.19702883228114404,0.8481826461046249,0.8481826461046249,0.05,False,Cohen's dz,-0.06230598747317242,,,,,,,,,,unadjusted two-sided paired t interval,True,,Holm correction across the three planned paired comparisons
paired_test,main,vanilla vs GPSA (tuned),GPSA (tuned),vanilla,test_ood_acc,,0;1;2;3;4;5;6;7;8;9;10;11;12;13;14,,15,,,,0.9438881965182905,0.9510828414889365,0.0071946449706461095,-0.009192094904907563,0.02358138484619978,wilcoxon,48.0,0.52447509765625,0.86328125,0.05,False,Cohen's dz,0.24313936836211036,,,,,,,,,,unadjusted two-sided paired t interval,True,,Holm correction across the three planned paired comparisons
paired_test,main,vanilla vs GPSA (tuned),GPSA (tuned),vanilla,test_ood_acc,,0;1;2;3;4;5;6;7;8;9;10;11;12;13;14,,15,,,,0.9438881965182905,0.9510828414889365,0.0071946449706461095,-0.009192094904907563,0.02358138484619978,ttest,0.9416747244738439,0.3623254883280706,0.7246509766561412,0.05,False,Cohen's dz,0.24313936836211036,,,,,,,,,,unadjusted two-sided paired t interval,True,,Holm correction across the three planned paired comparisons
paired_test,main,GPSA (default) vs GPSA (tuned),GPSA (tuned),GPSA (default),test_ood_acc,,0;1;2;3;4;5;6;7;8;9,,10,,,,0.9413948785477462,0.9510652056340678,0.009670327086321628,-0.006620003304014606,0.025960657476657864,wilcoxon,15.0,0.232421875,0.697265625,0.05,False,Cohen's dz,0.4246528522404369,,,,,,,,,,unadjusted two-sided paired t interval,True,,Holm correction across the three planned paired comparisons
paired_test,main,GPSA (default) vs GPSA (tuned),GPSA (tuned),GPSA (default),test_ood_acc,,0;1;2;3;4;5;6;7;8;9,,10,,,,0.9413948785477462,0.9510652056340678,0.009670327086321628,-0.006620003304014606,0.025960657476657864,ttest,1.3428702279667173,0.21219674062953878,0.6365902218886164,0.05,False,Cohen's dz,0.4246528522404369,,,,,,,,,,unadjusted two-sided paired t interval,True,,Holm correction across the three planned paired comparisons
seed_level_result,hyperparameter_search,,GPSA-phikon,,val_ood_acc,0,,,,,,0.9539880815952326,,,,,,,,,,,,,,,,0,,,,,gating_init=0.0,,,,,legacy run; runtime/config metadata not recorded
seed_level_result,hyperparameter_search,,GPSA-phikon,,test_ood_acc,0,,,,,,0.9574975897665012,,,,,,,,,,,,,,,,0,,,,,gating_init=0.0,,,,,legacy run; runtime/config metadata not recorded
seed_level_result,hyperparameter_search,,GPSA-phikon,,val_ood_acc,1,,,,,,0.9513809305523723,,,,,,,,,,,,,,,,0,,,,,gating_init=0.0,,,,,legacy run; runtime/config metadata not recorded
seed_level_result,hyperparameter_search,,GPSA-phikon,,test_ood_acc,1,,,,,,0.9536294589319726,,,,,,,,,,,,,,,,0,,,,,gating_init=0.0,,,,,legacy run; runtime/config metadata not recorded
seed_level_result,hyperparameter_search,,GPSA-phikon,,val_ood_acc,2,,,,,,0.9552200320880129,,,,,,,,,,,,,,,,0,,,,,gating_init=0.0,,,,,legacy run; runtime/config metadata not recorded
seed_level_result,hyperparameter_search,,GPSA-phikon,,test_ood_acc,2,,,,,,0.9580619371222988,,,,,,,,,,,,,,,,0,,,,,gating_init=0.0,,,,,legacy run; runtime/config metadata not recorded
seed_level_result,hyperparameter_search,,GPSA-phikon,,val_ood_acc,3,,,,,,0.9482294292917717,,,,,,,,,,,,,,,,0,,,,,gating_init=0.0,,,,,legacy run; runtime/config metadata not recorded
seed_level_result,hyperparameter_search,,GPSA-phikon,,test_ood_acc,3,,,,,,0.9544171937827733,,,,,,,,,,,,,,,,0,,,,,gating_init=0.0,,,,,legacy run; runtime/config metadata not recorded
seed_level_result,hyperparameter_search,,GPSA-phikon,,val_ood_acc,4,,,,,,0.9547616319046528,,,,,,,,,,,,,,,,0,,,,,gating_init=0.0,,,,,legacy run; runtime/config metadata not recorded
seed_level_result,hyperparameter_search,,GPSA-phikon,,test_ood_acc,4,,,,,,0.9714181578761728,,,,,,,,,,,,,,,,0,,,,,gating_init=0.0,,,,,legacy run; runtime/config metadata not recorded
model_summary,hyperparameter_search,,GPSA-phikon,,val_ood_acc,,,5,,0.9527160210864084,0.002914820119654014,,,,,,,,,,,,,,,,,,,,,,gating_init=0.0,sample SD (ddof=1),,True,,
model_summary,hyperparameter_search,,GPSA-phikon,,test_ood_acc,,,5,,0.9590048674959437,0.007197092281526477,,,,,,,,,,,,,,,,,,,,,,gating_init=0.0,sample SD (ddof=1),,True,,
ablation_summary,hyperparameter_search,,GPSA-phikon,,val_ood_acc,,,5,,0.9527160210864084,0.002914820119654014,,,,,,,,,,,,,,,,,,,,,,gating_init=0.0,sample SD (ddof=1),,True,,
ablation_summary,hyperparameter_search,,GPSA-phikon,,test_ood_acc,,,5,,0.9590048674959437,0.007197092281526477,,,,,,,,,,,,,,,,,,,,,,gating_init=0.0,sample SD (ddof=1),,True,,
seed_level_result,hyperparameter_search,,GPSA-phikon,,val_ood_acc,0,,,,,,0.9347352738941096,,,,,,,,,,,,,,,,0,,,,,gating_init=0.5,,,,,legacy run; runtime/config metadata not recorded
seed_level_result,hyperparameter_search,,GPSA-phikon,,test_ood_acc,0,,,,,,0.9686199355703435,,,,,,,,,,,,,,,,0,,,,,gating_init=0.5,,,,,legacy run; runtime/config metadata not recorded
seed_level_result,hyperparameter_search,,GPSA-phikon,,val_ood_acc,1,,,,,,0.9322140728856292,,,,,,,,,,,,,,,,0,,,,,gating_init=0.5,,,,,legacy run; runtime/config metadata not recorded
seed_level_result,hyperparameter_search,,GPSA-phikon,,test_ood_acc,1,,,,,,0.9553342582359442,,,,,,,,,,,,,,,,0,,,,,gating_init=0.5,,,,,legacy run; runtime/config metadata not recorded
seed_level_result,hyperparameter_search,,GPSA-phikon,,val_ood_acc,2,,,,,,0.9465677286270915,,,,,,,,,,,,,,,,0,,,,,gating_init=0.5,,,,,legacy run; runtime/config metadata not recorded
seed_level_result,hyperparameter_search,,GPSA-phikon,,test_ood_acc,2,,,,,,0.9473158228889882,,,,,,,,,,,,,,,,0,,,,,gating_init=0.5,,,,,legacy run; runtime/config metadata not recorded
seed_level_result,hyperparameter_search,,GPSA-phikon,,val_ood_acc,3,,,,,,0.9362823745129498,,,,,,,,,,,,,,,,0,,,,,gating_init=0.5,,,,,legacy run; runtime/config metadata not recorded
seed_level_result,hyperparameter_search,,GPSA-phikon,,test_ood_acc,3,,,,,,0.9430009170644532,,,,,,,,,,,,,,,,0,,,,,gating_init=0.5,,,,,legacy run; runtime/config metadata not recorded
seed_level_result,hyperparameter_search,,GPSA-phikon,,val_ood_acc,4,,,,,,0.9456509282603713,,,,,,,,,,,,,,,,0,,,,,gating_init=0.5,,,,,legacy run; runtime/config metadata not recorded
seed_level_result,hyperparameter_search,,GPSA-phikon,,test_ood_acc,4,,,,,,0.9650810073600301,,,,,,,,,,,,,,,,0,,,,,gating_init=0.5,,,,,legacy run; runtime/config metadata not recorded
model_summary,hyperparameter_search,,GPSA-phikon,,val_ood_acc,,,5,,0.9390900756360303,0.006578126234813293,,,,,,,,,,,,,,,,,,,,,,gating_init=0.5,sample SD (ddof=1),,True,,
model_summary,hyperparameter_search,,GPSA-phikon,,test_ood_acc,,,5,,0.9558703882239519,0.011028120576135633,,,,,,,,,,,,,,,,,,,,,,gating_init=0.5,sample SD (ddof=1),,True,,
ablation_summary,hyperparameter_search,,GPSA-phikon,,val_ood_acc,,,5,,0.9390900756360303,0.006578126234813293,,,,,,,,,,,,,,,,,,,,,,gating_init=0.5,sample SD (ddof=1),,True,,
ablation_summary,hyperparameter_search,,GPSA-phikon,,test_ood_acc,,,5,,0.9558703882239519,0.011028120576135633,,,,,,,,,,,,,,,,,,,,,,gating_init=0.5,sample SD (ddof=1),,True,,
seed_level_result,hyperparameter_search,,GPSA-phikon,,val_ood_acc,0,,,,,,0.931812972725189,,,,,,,,,,,,,,,,0,,,,,gating_init=1.0,,,,,legacy run; runtime/config metadata not recorded
seed_level_result,hyperparameter_search,,GPSA-phikon,,test_ood_acc,0,,,,,,0.9455287229289627,,,,,,,,,,,,,,,,0,,,,,gating_init=1.0,,,,,legacy run; runtime/config metadata not recorded
seed_level_result,hyperparameter_search,,GPSA-phikon,,val_ood_acc,1,,,,,,0.9236190694476277,,,,,,,,,,,,,,,,0,,,,,gating_init=1.0,,,,,legacy run; runtime/config metadata not recorded
seed_level_result,hyperparameter_search,,GPSA-phikon,,test_ood_acc,1,,,,,,0.9483034307616338,,,,,,,,,,,,,,,,0,,,,,gating_init=1.0,,,,,legacy run; runtime/config metadata not recorded
seed_level_result,hyperparameter_search,,GPSA-phikon,,val_ood_acc,2,,,,,,0.9149094659637864,,,,,,,,,,,,,,,,0,,,,,gating_init=1.0,,,,,legacy run; runtime/config metadata not recorded
seed_level_result,hyperparameter_search,,GPSA-phikon,,test_ood_acc,2,,,,,,0.9086345145437017,,,,,,,,,,,,,,,,0,,,,,gating_init=1.0,,,,,legacy run; runtime/config metadata not recorded
seed_level_result,hyperparameter_search,,GPSA-phikon,,val_ood_acc,3,,,,,,0.9325865230346092,,,,,,,,,,,,,,,,0,,,,,gating_init=1.0,,,,,legacy run; runtime/config metadata not recorded
seed_level_result,hyperparameter_search,,GPSA-phikon,,test_ood_acc,3,,,,,,0.931067321936652,,,,,,,,,,,,,,,,0,,,,,gating_init=1.0,,,,,legacy run; runtime/config metadata not recorded
seed_level_result,hyperparameter_search,,GPSA-phikon,,val_ood_acc,4,,,,,,0.9386030254412102,,,,,,,,,,,,,,,,0,,,,,gating_init=1.0,,,,,legacy run; runtime/config metadata not recorded
seed_level_result,hyperparameter_search,,GPSA-phikon,,test_ood_acc,4,,,,,,0.9587438568438874,,,,,,,,,,,,,,,,0,,,,,gating_init=1.0,,,,,legacy run; runtime/config metadata not recorded
model_summary,hyperparameter_search,,GPSA-phikon,,val_ood_acc,,,5,,0.9283062113224846,0.009193542707314655,,,,,,,,,,,,,,,,,,,,,,gating_init=1.0,sample SD (ddof=1),,True,,
model_summary,hyperparameter_search,,GPSA-phikon,,test_ood_acc,,,5,,0.9384555694029675,0.019381086108433518,,,,,,,,,,,,,,,,,,,,,,gating_init=1.0,sample SD (ddof=1),,True,,
ablation_summary,hyperparameter_search,,GPSA-phikon,,val_ood_acc,,,5,,0.9283062113224846,0.009193542707314655,,,,,,,,,,,,,,,,,,,,,,gating_init=1.0,sample SD (ddof=1),,True,,
ablation_summary,hyperparameter_search,,GPSA-phikon,,test_ood_acc,,,5,,0.9384555694029675,0.019381086108433518,,,,,,,,,,,,,,,,,,,,,,gating_init=1.0,sample SD (ddof=1),,True,,
seed_level_result,hyperparameter_search,,GPSA-phikon,,val_ood_acc,0,,,,,,0.9352223240889297,,,,,,,,,,,,,,,,0,,,,,new_lr=0.0001,,,,,legacy run; runtime/config metadata not recorded
seed_level_result,hyperparameter_search,,GPSA-phikon,,test_ood_acc,0,,,,,,0.9498436287534978,,,,,,,,,,,,,,,,0,,,,,new_lr=0.0001,,,,,legacy run; runtime/config metadata not recorded
seed_level_result,hyperparameter_search,,GPSA-phikon,,val_ood_acc,1,,,,,,0.9231893192757277,,,,,,,,,,,,,,,,0,,,,,new_lr=0.0001,,,,,legacy run; runtime/config metadata not recorded
seed_level_result,hyperparameter_search,,GPSA-phikon,,test_ood_acc,1,,,,,,0.957262445034919,,,,,,,,,,,,,,,,0,,,,,new_lr=0.0001,,,,,legacy run; runtime/config metadata not recorded
seed_level_result,hyperparameter_search,,GPSA-phikon,,val_ood_acc,2,,,,,,0.9242780197112079,,,,,,,,,,,,,,,,0,,,,,new_lr=0.0001,,,,,legacy run; runtime/config metadata not recorded
seed_level_result,hyperparameter_search,,GPSA-phikon,,test_ood_acc,2,,,,,,0.9264349707244809,,,,,,,,,,,,,,,,0,,,,,new_lr=0.0001,,,,,legacy run; runtime/config metadata not recorded
seed_level_result,hyperparameter_search,,GPSA-phikon,,val_ood_acc,3,,,,,,0.9334173733669493,,,,,,,,,,,,,,,,0,,,,,new_lr=0.0001,,,,,legacy run; runtime/config metadata not recorded
seed_level_result,hyperparameter_search,,GPSA-phikon,,test_ood_acc,3,,,,,,0.9393444164883485,,,,,,,,,,,,,,,,0,,,,,new_lr=0.0001,,,,,legacy run; runtime/config metadata not recorded
seed_level_result,hyperparameter_search,,GPSA-phikon,,val_ood_acc,4,,,,,,0.9398636259454504,,,,,,,,,,,,,,,,0,,,,,new_lr=0.0001,,,,,legacy run; runtime/config metadata not recorded
seed_level_result,hyperparameter_search,,GPSA-phikon,,test_ood_acc,4,,,,,,0.957979636466245,,,,,,,,,,,,,,,,0,,,,,new_lr=0.0001,,,,,legacy run; runtime/config metadata not recorded
model_summary,hyperparameter_search,,GPSA-phikon,,val_ood_acc,,,5,,0.931194132477653,0.007215242457691262,,,,,,,,,,,,,,,,,,,,,,new_lr=0.0001,sample SD (ddof=1),,True,,
model_summary,hyperparameter_search,,GPSA-phikon,,test_ood_acc,,,5,,0.9461730194934983,0.013342276077655443,,,,,,,,,,,,,,,,,,,,,,new_lr=0.0001,sample SD (ddof=1),,True,,
ablation_summary,hyperparameter_search,,GPSA-phikon,,val_ood_acc,,,5,,0.931194132477653,0.007215242457691262,,,,,,,,,,,,,,,,,,,,,,new_lr=0.0001,sample SD (ddof=1),,True,,
ablation_summary,hyperparameter_search,,GPSA-phikon,,test_ood_acc,,,5,,0.9461730194934983,0.013342276077655443,,,,,,,,,,,,,,,,,,,,,,new_lr=0.0001,sample SD (ddof=1),,True,,
seed_level_result,hyperparameter_search,,GPSA-phikon,,val_ood_acc,0,,,,,,0.9455076782030712,,,,,,,,,,,,,,,,0,,,,,new_lr=0.0005,,,,,legacy run; runtime/config metadata not recorded
seed_level_result,hyperparameter_search,,GPSA-phikon,,test_ood_acc,0,,,,,,0.9579443647565077,,,,,,,,,,,,,,,,0,,,,,new_lr=0.0005,,,,,legacy run; runtime/config metadata not recorded
seed_level_result,hyperparameter_search,,GPSA-phikon,,val_ood_acc,1,,,,,,0.943530827412331,,,,,,,,,,,,,,,,0,,,,,new_lr=0.0005,,,,,legacy run; runtime/config metadata not recorded
seed_level_result,hyperparameter_search,,GPSA-phikon,,test_ood_acc,1,,,,,,0.9564276812378019,,,,,,,,,,,,,,,,0,,,,,new_lr=0.0005,,,,,legacy run; runtime/config metadata not recorded
seed_level_result,hyperparameter_search,,GPSA-phikon,,val_ood_acc,2,,,,,,0.93780082512033,,,,,,,,,,,,,,,,0,,,,,new_lr=0.0005,,,,,legacy run; runtime/config metadata not recorded
seed_level_result,hyperparameter_search,,GPSA-phikon,,test_ood_acc,2,,,,,,0.9317139699485033,,,,,,,,,,,,,,,,0,,,,,new_lr=0.0005,,,,,legacy run; runtime/config metadata not recorded
seed_level_result,hyperparameter_search,,GPSA-phikon,,val_ood_acc,3,,,,,,0.9421269768507907,,,,,,,,,,,,,,,,0,,,,,new_lr=0.0005,,,,,legacy run; runtime/config metadata not recorded
seed_level_result,hyperparameter_search,,GPSA-phikon,,test_ood_acc,3,,,,,,0.9469278340818774,,,,,,,,,,,,,,,,0,,,,,new_lr=0.0005,,,,,legacy run; runtime/config metadata not recorded
seed_level_result,hyperparameter_search,,GPSA-phikon,,val_ood_acc,4,,,,,,0.9485732294292918,,,,,,,,,,,,,,,,0,,,,,new_lr=0.0005,,,,,legacy run; runtime/config metadata not recorded
seed_level_result,hyperparameter_search,,GPSA-phikon,,test_ood_acc,4,,,,,,0.9637289251534319,,,,,,,,,,,,,,,,0,,,,,new_lr=0.0005,,,,,legacy run; runtime/config metadata not recorded
model_summary,hyperparameter_search,,GPSA-phikon,,val_ood_acc,,,5,,0.943507907403163,0.004004211944342874,,,,,,,,,,,,,,,,,,,,,,new_lr=0.0005,sample SD (ddof=1),,True,,
model_summary,hyperparameter_search,,GPSA-phikon,,test_ood_acc,,,5,,0.9513485550356245,0.012526327259016711,,,,,,,,,,,,,,,,,,,,,,new_lr=0.0005,sample SD (ddof=1),,True,,
ablation_summary,hyperparameter_search,,GPSA-phikon,,val_ood_acc,,,5,,0.943507907403163,0.004004211944342874,,,,,,,,,,,,,,,,,,,,,,new_lr=0.0005,sample SD (ddof=1),,True,,
ablation_summary,hyperparameter_search,,GPSA-phikon,,test_ood_acc,,,5,,0.9513485550356245,0.012526327259016711,,,,,,,,,,,,,,,,,,,,,,new_lr=0.0005,sample SD (ddof=1),,True,,
seed_level_result,hyperparameter_search,,GPSA-phikon,,val_ood_acc,0,,,,,,0.943760027504011,,,,,,,,,,,,,,,,0,,,,,new_lr=0.001,,,,,legacy run; runtime/config metadata not recorded
seed_level_result,hyperparameter_search,,GPSA-phikon,,test_ood_acc,0,,,,,,0.9540174477390834,,,,,,,,,,,,,,,,0,,,,,new_lr=0.001,,,,,legacy run; runtime/config metadata not recorded
seed_level_result,hyperparameter_search,,GPSA-phikon,,val_ood_acc,1,,,,,,0.9346206738482695,,,,,,,,,,,,,,,,0,,,,,new_lr=0.001,,,,,legacy run; runtime/config metadata not recorded
seed_level_result,hyperparameter_search,,GPSA-phikon,,test_ood_acc,1,,,,,,0.9624473863663084,,,,,,,,,,,,,,,,0,,,,,new_lr=0.001,,,,,legacy run; runtime/config metadata not recorded
seed_level_result,hyperparameter_search,,GPSA-phikon,,val_ood_acc,2,,,,,,0.9520112308044923,,,,,,,,,,,,,,,,0,,,,,new_lr=0.001,,,,,legacy run; runtime/config metadata not recorded
seed_level_result,hyperparameter_search,,GPSA-phikon,,test_ood_acc,2,,,,,,0.935993604063301,,,,,,,,,,,,,,,,0,,,,,new_lr=0.001,,,,,legacy run; runtime/config metadata not recorded
seed_level_result,hyperparameter_search,,GPSA-phikon,,val_ood_acc,3,,,,,,0.944333027733211,,,,,,,,,,,,,,,,0,,,,,new_lr=0.001,,,,,legacy run; runtime/config metadata not recorded
seed_level_result,hyperparameter_search,,GPSA-phikon,,test_ood_acc,3,,,,,,0.9566393114962259,,,,,,,,,,,,,,,,0,,,,,new_lr=0.001,,,,,legacy run; runtime/config metadata not recorded
seed_level_result,hyperparameter_search,,GPSA-phikon,,val_ood_acc,4,,,,,,0.9598326839330735,,,,,,,,,,,,,,,,0,,,,,new_lr=0.001,,,,,legacy run; runtime/config metadata not recorded
seed_level_result,hyperparameter_search,,GPSA-phikon,,test_ood_acc,4,,,,,,0.9705128506595809,,,,,,,,,,,,,,,,0,,,,,new_lr=0.001,,,,,legacy run; runtime/config metadata not recorded
model_summary,hyperparameter_search,,GPSA-phikon,,val_ood_acc,,,5,,0.9469115287646115,0.009494853265349936,,,,,,,,,,,,,,,,,,,,,,new_lr=0.001,sample SD (ddof=1),,True,,
model_summary,hyperparameter_search,,GPSA-phikon,,test_ood_acc,,,5,,0.9559221200649001,0.012813629558352512,,,,,,,,,,,,,,,,,,,,,,new_lr=0.001,sample SD (ddof=1),,True,,
ablation_summary,hyperparameter_search,,GPSA-phikon,,val_ood_acc,,,5,,0.9469115287646115,0.009494853265349936,,,,,,,,,,,,,,,,,,,,,,new_lr=0.001,sample SD (ddof=1),,True,,
ablation_summary,hyperparameter_search,,GPSA-phikon,,test_ood_acc,,,5,,0.9559221200649001,0.012813629558352512,,,,,,,,,,,,,,,,,,,,,,new_lr=0.001,sample SD (ddof=1),,True,,
seed_level_result,local_layers,,GPSA-phikon,,val_ood_acc,0,,,,,,0.9621819848727939,,,,,,,,,,,,,,4418.923349699995,168.0742229000025,0,seed_0/best.pt,85800434,85800434,"{""ablation"": ""local_layers"", ""batch_size"": 16, ""dataset"": ""Camelyon17-WILDS"", ""gating_init"": 0.0, ""grad_accum_steps"": 2, ""image_size"": [224, 224], ""local_layers"": 4, ""locality_strength"": 1.0, ""lr"": 1e-05, ""model"": ""GPSA-phikon"", ""new_lr"": 0.001, ""normalize_mean"": [0.5, 0.5, 0.5], ""normalize_std"": [0.5, 0.5, 0.5], ""num_epochs"": 1, ""optimizer"": ""AdamW"", ""test_center"": 2, ""training_centers"": [0, 3, 4], ""validation_center"": 1, ""weight_decay"": 0.01}",local_layers=4,,,,"training loop incl. data loading; excludes model init, validation, and test",
seed_level_result,local_layers,,GPSA-phikon,,test_ood_acc,0,,,,,,0.9640816422508054,,,,,,,,,,,,,,4418.923349699995,168.0742229000025,0,seed_0/best.pt,85800434,85800434,"{""ablation"": ""local_layers"", ""batch_size"": 16, ""dataset"": ""Camelyon17-WILDS"", ""gating_init"": 0.0, ""grad_accum_steps"": 2, ""image_size"": [224, 224], ""local_layers"": 4, ""locality_strength"": 1.0, ""lr"": 1e-05, ""model"": ""GPSA-phikon"", ""new_lr"": 0.001, ""normalize_mean"": [0.5, 0.5, 0.5], ""normalize_std"": [0.5, 0.5, 0.5], ""num_epochs"": 1, ""optimizer"": ""AdamW"", ""test_center"": 2, ""training_centers"": [0, 3, 4], ""validation_center"": 1, ""weight_decay"": 0.01}",local_layers=4,,,,"training loop incl. data loading; excludes model init, validation, and test",
seed_level_result,local_layers,,GPSA-phikon,,val_ood_acc,1,,,,,,0.962267934907174,,,,,,,,,,,,,,4391.169425400003,165.57384250001633,0,seed_1/best.pt,85800434,85800434,"{""ablation"": ""local_layers"", ""batch_size"": 16, ""dataset"": ""Camelyon17-WILDS"", ""gating_init"": 0.0, ""grad_accum_steps"": 2, ""image_size"": [224, 224], ""local_layers"": 4, ""locality_strength"": 1.0, ""lr"": 1e-05, ""model"": ""GPSA-phikon"", ""new_lr"": 0.001, ""normalize_mean"": [0.5, 0.5, 0.5], ""normalize_std"": [0.5, 0.5, 0.5], ""num_epochs"": 1, ""optimizer"": ""AdamW"", ""test_center"": 2, ""training_centers"": [0, 3, 4], ""validation_center"": 1, ""weight_decay"": 0.01}",local_layers=4,,,,"training loop incl. data loading; excludes model init, validation, and test",
seed_level_result,local_layers,,GPSA-phikon,,test_ood_acc,1,,,,,,0.9421543960307569,,,,,,,,,,,,,,4391.169425400003,165.57384250001633,0,seed_1/best.pt,85800434,85800434,"{""ablation"": ""local_layers"", ""batch_size"": 16, ""dataset"": ""Camelyon17-WILDS"", ""gating_init"": 0.0, ""grad_accum_steps"": 2, ""image_size"": [224, 224], ""local_layers"": 4, ""locality_strength"": 1.0, ""lr"": 1e-05, ""model"": ""GPSA-phikon"", ""new_lr"": 0.001, ""normalize_mean"": [0.5, 0.5, 0.5], ""normalize_std"": [0.5, 0.5, 0.5], ""num_epochs"": 1, ""optimizer"": ""AdamW"", ""test_center"": 2, ""training_centers"": [0, 3, 4], ""validation_center"": 1, ""weight_decay"": 0.01}",local_layers=4,,,,"training loop incl. data loading; excludes model init, validation, and test",
seed_level_result,local_layers,,GPSA-phikon,,val_ood_acc,2,,,,,,0.9574547329818932,,,,,,,,,,,,,,4408.585120400006,164.0664077999827,0,seed_2/best.pt,85800434,85800434,"{""ablation"": ""local_layers"", ""batch_size"": 16, ""dataset"": ""Camelyon17-WILDS"", ""gating_init"": 0.0, ""grad_accum_steps"": 2, ""image_size"": [224, 224], ""local_layers"": 4, ""locality_strength"": 1.0, ""lr"": 1e-05, ""model"": ""GPSA-phikon"", ""new_lr"": 0.001, ""normalize_mean"": [0.5, 0.5, 0.5], ""normalize_std"": [0.5, 0.5, 0.5], ""num_epochs"": 1, ""optimizer"": ""AdamW"", ""test_center"": 2, ""training_centers"": [0, 3, 4], ""validation_center"": 1, ""weight_decay"": 0.01}",local_layers=4,,,,"training loop incl. data loading; excludes model init, validation, and test",
seed_level_result,local_layers,,GPSA-phikon,,test_ood_acc,2,,,,,,0.9358995461706681,,,,,,,,,,,,,,4408.585120400006,164.0664077999827,0,seed_2/best.pt,85800434,85800434,"{""ablation"": ""local_layers"", ""batch_size"": 16, ""dataset"": ""Camelyon17-WILDS"", ""gating_init"": 0.0, ""grad_accum_steps"": 2, ""image_size"": [224, 224], ""local_layers"": 4, ""locality_strength"": 1.0, ""lr"": 1e-05, ""model"": ""GPSA-phikon"", ""new_lr"": 0.001, ""normalize_mean"": [0.5, 0.5, 0.5], ""normalize_std"": [0.5, 0.5, 0.5], ""num_epochs"": 1, ""optimizer"": ""AdamW"", ""test_center"": 2, ""training_centers"": [0, 3, 4], ""validation_center"": 1, ""weight_decay"": 0.01}",local_layers=4,,,,"training loop incl. data loading; excludes model init, validation, and test",
model_summary,local_layers,,GPSA-phikon,,val_ood_acc,,,3,,0.9606348842539537,0.0027544270614764006,,,,,,,,,,,,,,,,,,,,,,local_layers=4,sample SD (ddof=1),,True,,
model_summary,local_layers,,GPSA-phikon,,test_ood_acc,,,3,,0.9473785281507435,0.014799537228333505,,,,,,,,,,,,,,,,,,,,,,local_layers=4,sample SD (ddof=1),,True,,
run_metadata,local_layers,,GPSA-phikon,,,0,,,,,,,,,,,,,,,,,,,,4418.923349699995,168.0742229000025,0,seed_0/best.pt,85800434,85800434,"{""ablation"": ""local_layers"", ""batch_size"": 16, ""dataset"": ""Camelyon17-WILDS"", ""gating_init"": 0.0, ""grad_accum_steps"": 2, ""image_size"": [224, 224], ""local_layers"": 4, ""locality_strength"": 1.0, ""lr"": 1e-05, ""model"": ""GPSA-phikon"", ""new_lr"": 0.001, ""normalize_mean"": [0.5, 0.5, 0.5], ""normalize_std"": [0.5, 0.5, 0.5], ""num_epochs"": 1, ""optimizer"": ""AdamW"", ""test_center"": 2, ""training_centers"": [0, 3, 4], ""validation_center"": 1, ""weight_decay"": 0.01}",local_layers=4,,,,"training loop incl. data loading; excludes model init, validation, and test",
run_metadata,local_layers,,GPSA-phikon,,,1,,,,,,,,,,,,,,,,,,,,4391.169425400003,165.57384250001633,0,seed_1/best.pt,85800434,85800434,"{""ablation"": ""local_layers"", ""batch_size"": 16, ""dataset"": ""Camelyon17-WILDS"", ""gating_init"": 0.0, ""grad_accum_steps"": 2, ""image_size"": [224, 224], ""local_layers"": 4, ""locality_strength"": 1.0, ""lr"": 1e-05, ""model"": ""GPSA-phikon"", ""new_lr"": 0.001, ""normalize_mean"": [0.5, 0.5, 0.5], ""normalize_std"": [0.5, 0.5, 0.5], ""num_epochs"": 1, ""optimizer"": ""AdamW"", ""test_center"": 2, ""training_centers"": [0, 3, 4], ""validation_center"": 1, ""weight_decay"": 0.01}",local_layers=4,,,,"training loop incl. data loading; excludes model init, validation, and test",
run_metadata,local_layers,,GPSA-phikon,,,2,,,,,,,,,,,,,,,,,,,,4408.585120400006,164.0664077999827,0,seed_2/best.pt,85800434,85800434,"{""ablation"": ""local_layers"", ""batch_size"": 16, ""dataset"": ""Camelyon17-WILDS"", ""gating_init"": 0.0, ""grad_accum_steps"": 2, ""image_size"": [224, 224], ""local_layers"": 4, ""locality_strength"": 1.0, ""lr"": 1e-05, ""model"": ""GPSA-phikon"", ""new_lr"": 0.001, ""normalize_mean"": [0.5, 0.5, 0.5], ""normalize_std"": [0.5, 0.5, 0.5], ""num_epochs"": 1, ""optimizer"": ""AdamW"", ""test_center"": 2, ""training_centers"": [0, 3, 4], ""validation_center"": 1, ""weight_decay"": 0.01}",local_layers=4,,,,"training loop incl. data loading; excludes model init, validation, and test",
ablation_summary,local_layers,,GPSA-phikon,,val_ood_acc,,,3,,0.9606348842539537,0.0027544270614764006,,,,,,,,,,,,,,,,,,,,,,local_layers=4,sample SD (ddof=1),,True,,
ablation_summary,local_layers,,GPSA-phikon,,test_ood_acc,,,3,,0.9473785281507435,0.014799537228333505,,,,,,,,,,,,,,,,,,,,,,local_layers=4,sample SD (ddof=1),,True,,
seed_level_result,local_layers,,GPSA-phikon,,val_ood_acc,0,,,,,,0.9645885858354344,,,,,,,,,,,,,,4512.914507100009,168.29554760002065,0,seed_0/best.pt,85800554,85800554,"{""ablation"": ""local_layers"", ""batch_size"": 16, ""dataset"": ""Camelyon17-WILDS"", ""gating_init"": 0.0, ""grad_accum_steps"": 2, ""image_size"": [224, 224], ""local_layers"": 6, ""locality_strength"": 1.0, ""lr"": 1e-05, ""model"": ""GPSA-phikon"", ""new_lr"": 0.001, ""normalize_mean"": [0.5, 0.5, 0.5], ""normalize_std"": [0.5, 0.5, 0.5], ""num_epochs"": 1, ""optimizer"": ""AdamW"", ""test_center"": 2, ""training_centers"": [0, 3, 4], ""validation_center"": 1, ""weight_decay"": 0.01}",local_layers=6,,,,"training loop incl. data loading; excludes model init, validation, and test",
seed_level_result,local_layers,,GPSA-phikon,,test_ood_acc,0,,,,,,0.9420956098478613,,,,,,,,,,,,,,4512.914507100009,168.29554760002065,0,seed_0/best.pt,85800554,85800554,"{""ablation"": ""local_layers"", ""batch_size"": 16, ""dataset"": ""Camelyon17-WILDS"", ""gating_init"": 0.0, ""grad_accum_steps"": 2, ""image_size"": [224, 224], ""local_layers"": 6, ""locality_strength"": 1.0, ""lr"": 1e-05, ""model"": ""GPSA-phikon"", ""new_lr"": 0.001, ""normalize_mean"": [0.5, 0.5, 0.5], ""normalize_std"": [0.5, 0.5, 0.5], ""num_epochs"": 1, ""optimizer"": ""AdamW"", ""test_center"": 2, ""training_centers"": [0, 3, 4], ""validation_center"": 1, ""weight_decay"": 0.01}",local_layers=6,,,,"training loop incl. data loading; excludes model init, validation, and test",
seed_level_result,local_layers,,GPSA-phikon,,val_ood_acc,1,,,,,,0.9606062342424937,,,,,,,,,,,,,,6592.745617900015,388.85885950000375,0,seed_1/best.pt,85800554,85800554,"{""ablation"": ""local_layers"", ""batch_size"": 16, ""dataset"": ""Camelyon17-WILDS"", ""gating_init"": 0.0, ""grad_accum_steps"": 2, ""image_size"": [224, 224], ""local_layers"": 6, ""locality_strength"": 1.0, ""lr"": 1e-05, ""model"": ""GPSA-phikon"", ""new_lr"": 0.001, ""normalize_mean"": [0.5, 0.5, 0.5], ""normalize_std"": [0.5, 0.5, 0.5], ""num_epochs"": 1, ""optimizer"": ""AdamW"", ""test_center"": 2, ""training_centers"": [0, 3, 4], ""validation_center"": 1, ""weight_decay"": 0.01}",local_layers=6,,,,"training loop incl. data loading; excludes model init, validation, and test",
seed_level_result,local_layers,,GPSA-phikon,,test_ood_acc,1,,,,,,0.931267194958497,,,,,,,,,,,,,,6592.745617900015,388.85885950000375,0,seed_1/best.pt,85800554,85800554,"{""ablation"": ""local_layers"", ""batch_size"": 16, ""dataset"": ""Camelyon17-WILDS"", ""gating_init"": 0.0, ""grad_accum_steps"": 2, ""image_size"": [224, 224], ""local_layers"": 6, ""locality_strength"": 1.0, ""lr"": 1e-05, ""model"": ""GPSA-phikon"", ""new_lr"": 0.001, ""normalize_mean"": [0.5, 0.5, 0.5], ""normalize_std"": [0.5, 0.5, 0.5], ""num_epochs"": 1, ""optimizer"": ""AdamW"", ""test_center"": 2, ""training_centers"": [0, 3, 4], ""validation_center"": 1, ""weight_decay"": 0.01}",local_layers=6,,,,"training loop incl. data loading; excludes model init, validation, and test",
seed_level_result,local_layers,,GPSA-phikon,,val_ood_acc,2,,,,,,0.968800137520055,,,,,,,,,,,,,,40092.05565709999,962.4596437000146,0,seed_2/best.pt,85800554,85800554,"{""ablation"": ""local_layers"", ""batch_size"": 16, ""dataset"": ""Camelyon17-WILDS"", ""gating_init"": 0.0, ""grad_accum_steps"": 2, ""image_size"": [224, 224], ""local_layers"": 6, ""locality_strength"": 1.0, ""lr"": 1e-05, ""model"": ""GPSA-phikon"", ""new_lr"": 0.001, ""normalize_mean"": [0.5, 0.5, 0.5], ""normalize_std"": [0.5, 0.5, 0.5], ""num_epochs"": 1, ""optimizer"": ""AdamW"", ""test_center"": 2, ""training_centers"": [0, 3, 4], ""validation_center"": 1, ""weight_decay"": 0.01}",local_layers=6,,,,"training loop incl. data loading; excludes model init, validation, and test",
seed_level_result,local_layers,,GPSA-phikon,,test_ood_acc,2,,,,,,0.9194864439062242,,,,,,,,,,,,,,40092.05565709999,962.4596437000146,0,seed_2/best.pt,85800554,85800554,"{""ablation"": ""local_layers"", ""batch_size"": 16, ""dataset"": ""Camelyon17-WILDS"", ""gating_init"": 0.0, ""grad_accum_steps"": 2, ""image_size"": [224, 224], ""local_layers"": 6, ""locality_strength"": 1.0, ""lr"": 1e-05, ""model"": ""GPSA-phikon"", ""new_lr"": 0.001, ""normalize_mean"": [0.5, 0.5, 0.5], ""normalize_std"": [0.5, 0.5, 0.5], ""num_epochs"": 1, ""optimizer"": ""AdamW"", ""test_center"": 2, ""training_centers"": [0, 3, 4], ""validation_center"": 1, ""weight_decay"": 0.01}",local_layers=6,,,,"training loop incl. data loading; excludes model init, validation, and test",
model_summary,local_layers,,GPSA-phikon,,val_ood_acc,,,3,,0.9646649858659945,0.004097485869897499,,,,,,,,,,,,,,,,,,,,,,local_layers=6,sample SD (ddof=1),,True,,
model_summary,local_layers,,GPSA-phikon,,test_ood_acc,,,3,,0.9309497495708609,0.01130792531036172,,,,,,,,,,,,,,,,,,,,,,local_layers=6,sample SD (ddof=1),,True,,
run_metadata,local_layers,,GPSA-phikon,,,0,,,,,,,,,,,,,,,,,,,,4512.914507100009,168.29554760002065,0,seed_0/best.pt,85800554,85800554,"{""ablation"": ""local_layers"", ""batch_size"": 16, ""dataset"": ""Camelyon17-WILDS"", ""gating_init"": 0.0, ""grad_accum_steps"": 2, ""image_size"": [224, 224], ""local_layers"": 6, ""locality_strength"": 1.0, ""lr"": 1e-05, ""model"": ""GPSA-phikon"", ""new_lr"": 0.001, ""normalize_mean"": [0.5, 0.5, 0.5], ""normalize_std"": [0.5, 0.5, 0.5], ""num_epochs"": 1, ""optimizer"": ""AdamW"", ""test_center"": 2, ""training_centers"": [0, 3, 4], ""validation_center"": 1, ""weight_decay"": 0.01}",local_layers=6,,,,"training loop incl. data loading; excludes model init, validation, and test",
run_metadata,local_layers,,GPSA-phikon,,,1,,,,,,,,,,,,,,,,,,,,6592.745617900015,388.85885950000375,0,seed_1/best.pt,85800554,85800554,"{""ablation"": ""local_layers"", ""batch_size"": 16, ""dataset"": ""Camelyon17-WILDS"", ""gating_init"": 0.0, ""grad_accum_steps"": 2, ""image_size"": [224, 224], ""local_layers"": 6, ""locality_strength"": 1.0, ""lr"": 1e-05, ""model"": ""GPSA-phikon"", ""new_lr"": 0.001, ""normalize_mean"": [0.5, 0.5, 0.5], ""normalize_std"": [0.5, 0.5, 0.5], ""num_epochs"": 1, ""optimizer"": ""AdamW"", ""test_center"": 2, ""training_centers"": [0, 3, 4], ""validation_center"": 1, ""weight_decay"": 0.01}",local_layers=6,,,,"training loop incl. data loading; excludes model init, validation, and test",
run_metadata,local_layers,,GPSA-phikon,,,2,,,,,,,,,,,,,,,,,,,,40092.05565709999,962.4596437000146,0,seed_2/best.pt,85800554,85800554,"{""ablation"": ""local_layers"", ""batch_size"": 16, ""dataset"": ""Camelyon17-WILDS"", ""gating_init"": 0.0, ""grad_accum_steps"": 2, ""image_size"": [224, 224], ""local_layers"": 6, ""locality_strength"": 1.0, ""lr"": 1e-05, ""model"": ""GPSA-phikon"", ""new_lr"": 0.001, ""normalize_mean"": [0.5, 0.5, 0.5], ""normalize_std"": [0.5, 0.5, 0.5], ""num_epochs"": 1, ""optimizer"": ""AdamW"", ""test_center"": 2, ""training_centers"": [0, 3, 4], ""validation_center"": 1, ""weight_decay"": 0.01}",local_layers=6,,,,"training loop incl. data loading; excludes model init, validation, and test",
ablation_summary,local_layers,,GPSA-phikon,,val_ood_acc,,,3,,0.9646649858659945,0.004097485869897499,,,,,,,,,,,,,,,,,,,,,,local_layers=6,sample SD (ddof=1),,True,,
ablation_summary,local_layers,,GPSA-phikon,,test_ood_acc,,,3,,0.9309497495708609,0.01130792531036172,,,,,,,,,,,,,,,,,,,,,,local_layers=6,sample SD (ddof=1),,True,,
seed_level_result,local_layers,,GPSA-phikon,,val_ood_acc,0,,,,,,0.9552773321109328,,,,,,,,,,,,,,59769.37333080001,549.6098552999902,0,seed_0/best.pt,85800674,85800674,"{""ablation"": ""local_layers"", ""batch_size"": 16, ""dataset"": ""Camelyon17-WILDS"", ""gating_init"": 0.0, ""grad_accum_steps"": 2, ""image_size"": [224, 224], ""local_layers"": 8, ""locality_strength"": 1.0, ""lr"": 1e-05, ""model"": ""GPSA-phikon"", ""new_lr"": 0.001, ""normalize_mean"": [0.5, 0.5, 0.5], ""normalize_std"": [0.5, 0.5, 0.5], ""num_epochs"": 1, ""optimizer"": ""AdamW"", ""test_center"": 2, ""training_centers"": [0, 3, 4], ""validation_center"": 1, ""weight_decay"": 0.01}",local_layers=8,,,,"training loop incl. data loading; excludes model init, validation, and test",
seed_level_result,local_layers,,GPSA-phikon,,test_ood_acc,0,,,,,,0.9715710019517013,,,,,,,,,,,,,,59769.37333080001,549.6098552999902,0,seed_0/best.pt,85800674,85800674,"{""ablation"": ""local_layers"", ""batch_size"": 16, ""dataset"": ""Camelyon17-WILDS"", ""gating_init"": 0.0, ""grad_accum_steps"": 2, ""image_size"": [224, 224], ""local_layers"": 8, ""locality_strength"": 1.0, ""lr"": 1e-05, ""model"": ""GPSA-phikon"", ""new_lr"": 0.001, ""normalize_mean"": [0.5, 0.5, 0.5], ""normalize_std"": [0.5, 0.5, 0.5], ""num_epochs"": 1, ""optimizer"": ""AdamW"", ""test_center"": 2, ""training_centers"": [0, 3, 4], ""validation_center"": 1, ""weight_decay"": 0.01}",local_layers=8,,,,"training loop incl. data loading; excludes model init, validation, and test",
seed_level_result,local_layers,,GPSA-phikon,,val_ood_acc,1,,,,,,0.9541886316754526,,,,,,,,,,,,,,148576.0273658,3679.5603386999574,0,seed_1/best.pt,85800674,85800674,"{""ablation"": ""local_layers"", ""batch_size"": 16, ""dataset"": ""Camelyon17-WILDS"", ""gating_init"": 0.0, ""grad_accum_steps"": 2, ""image_size"": [224, 224], ""local_layers"": 8, ""locality_strength"": 1.0, ""lr"": 1e-05, ""model"": ""GPSA-phikon"", ""new_lr"": 0.001, ""normalize_mean"": [0.5, 0.5, 0.5], ""normalize_std"": [0.5, 0.5, 0.5], ""num_epochs"": 1, ""optimizer"": ""AdamW"", ""test_center"": 2, ""training_centers"": [0, 3, 4], ""validation_center"": 1, ""weight_decay"": 0.01}",local_layers=8,,,,"training loop incl. data loading; excludes model init, validation, and test",
seed_level_result,local_layers,,GPSA-phikon,,test_ood_acc,1,,,,,,0.9649869494673972,,,,,,,,,,,,,,148576.0273658,3679.5603386999574,0,seed_1/best.pt,85800674,85800674,"{""ablation"": ""local_layers"", ""batch_size"": 16, ""dataset"": ""Camelyon17-WILDS"", ""gating_init"": 0.0, ""grad_accum_steps"": 2, ""image_size"": [224, 224], ""local_layers"": 8, ""locality_strength"": 1.0, ""lr"": 1e-05, ""model"": ""GPSA-phikon"", ""new_lr"": 0.001, ""normalize_mean"": [0.5, 0.5, 0.5], ""normalize_std"": [0.5, 0.5, 0.5], ""num_epochs"": 1, ""optimizer"": ""AdamW"", ""test_center"": 2, ""training_centers"": [0, 3, 4], ""validation_center"": 1, ""weight_decay"": 0.01}",local_layers=8,,,,"training loop incl. data loading; excludes model init, validation, and test",
seed_level_result,local_layers,,GPSA-phikon,,val_ood_acc,2,,,,,,0.9614084345633738,,,,,,,,,,,,,,4698.727559399966,177.8467621000018,0,seed_2/best.pt,85800674,85800674,"{""ablation"": ""local_layers"", ""batch_size"": 16, ""dataset"": ""Camelyon17-WILDS"", ""gating_init"": 0.0, ""grad_accum_steps"": 2, ""image_size"": [224, 224], ""local_layers"": 8, ""locality_strength"": 1.0, ""lr"": 1e-05, ""model"": ""GPSA-phikon"", ""new_lr"": 0.001, ""normalize_mean"": [0.5, 0.5, 0.5], ""normalize_std"": [0.5, 0.5, 0.5], ""num_epochs"": 1, ""optimizer"": ""AdamW"", ""test_center"": 2, ""training_centers"": [0, 3, 4], ""validation_center"": 1, ""weight_decay"": 0.01}",local_layers=8,,,,"training loop incl. data loading; excludes model init, validation, and test",
seed_level_result,local_layers,,GPSA-phikon,,test_ood_acc,2,,,,,,0.9548874832459379,,,,,,,,,,,,,,4698.727559399966,177.8467621000018,0,seed_2/best.pt,85800674,85800674,"{""ablation"": ""local_layers"", ""batch_size"": 16, ""dataset"": ""Camelyon17-WILDS"", ""gating_init"": 0.0, ""grad_accum_steps"": 2, ""image_size"": [224, 224], ""local_layers"": 8, ""locality_strength"": 1.0, ""lr"": 1e-05, ""model"": ""GPSA-phikon"", ""new_lr"": 0.001, ""normalize_mean"": [0.5, 0.5, 0.5], ""normalize_std"": [0.5, 0.5, 0.5], ""num_epochs"": 1, ""optimizer"": ""AdamW"", ""test_center"": 2, ""training_centers"": [0, 3, 4], ""validation_center"": 1, ""weight_decay"": 0.01}",local_layers=8,,,,"training loop incl. data loading; excludes model init, validation, and test",
model_summary,local_layers,,GPSA-phikon,,val_ood_acc,,,3,,0.956958132783253,0.00389232663199824,,,,,,,,,,,,,,,,,,,,,,local_layers=8,sample SD (ddof=1),,True,,
model_summary,local_layers,,GPSA-phikon,,test_ood_acc,,,3,,0.9638151448883455,0.008403260889678762,,,,,,,,,,,,,,,,,,,,,,local_layers=8,sample SD (ddof=1),,True,,
run_metadata,local_layers,,GPSA-phikon,,,0,,,,,,,,,,,,,,,,,,,,59769.37333080001,549.6098552999902,0,seed_0/best.pt,85800674,85800674,"{""ablation"": ""local_layers"", ""batch_size"": 16, ""dataset"": ""Camelyon17-WILDS"", ""gating_init"": 0.0, ""grad_accum_steps"": 2, ""image_size"": [224, 224], ""local_layers"": 8, ""locality_strength"": 1.0, ""lr"": 1e-05, ""model"": ""GPSA-phikon"", ""new_lr"": 0.001, ""normalize_mean"": [0.5, 0.5, 0.5], ""normalize_std"": [0.5, 0.5, 0.5], ""num_epochs"": 1, ""optimizer"": ""AdamW"", ""test_center"": 2, ""training_centers"": [0, 3, 4], ""validation_center"": 1, ""weight_decay"": 0.01}",local_layers=8,,,,"training loop incl. data loading; excludes model init, validation, and test",
run_metadata,local_layers,,GPSA-phikon,,,1,,,,,,,,,,,,,,,,,,,,148576.0273658,3679.5603386999574,0,seed_1/best.pt,85800674,85800674,"{""ablation"": ""local_layers"", ""batch_size"": 16, ""dataset"": ""Camelyon17-WILDS"", ""gating_init"": 0.0, ""grad_accum_steps"": 2, ""image_size"": [224, 224], ""local_layers"": 8, ""locality_strength"": 1.0, ""lr"": 1e-05, ""model"": ""GPSA-phikon"", ""new_lr"": 0.001, ""normalize_mean"": [0.5, 0.5, 0.5], ""normalize_std"": [0.5, 0.5, 0.5], ""num_epochs"": 1, ""optimizer"": ""AdamW"", ""test_center"": 2, ""training_centers"": [0, 3, 4], ""validation_center"": 1, ""weight_decay"": 0.01}",local_layers=8,,,,"training loop incl. data loading; excludes model init, validation, and test",
run_metadata,local_layers,,GPSA-phikon,,,2,,,,,,,,,,,,,,,,,,,,4698.727559399966,177.8467621000018,0,seed_2/best.pt,85800674,85800674,"{""ablation"": ""local_layers"", ""batch_size"": 16, ""dataset"": ""Camelyon17-WILDS"", ""gating_init"": 0.0, ""grad_accum_steps"": 2, ""image_size"": [224, 224], ""local_layers"": 8, ""locality_strength"": 1.0, ""lr"": 1e-05, ""model"": ""GPSA-phikon"", ""new_lr"": 0.001, ""normalize_mean"": [0.5, 0.5, 0.5], ""normalize_std"": [0.5, 0.5, 0.5], ""num_epochs"": 1, ""optimizer"": ""AdamW"", ""test_center"": 2, ""training_centers"": [0, 3, 4], ""validation_center"": 1, ""weight_decay"": 0.01}",local_layers=8,,,,"training loop incl. data loading; excludes model init, validation, and test",
ablation_summary,local_layers,,GPSA-phikon,,val_ood_acc,,,3,,0.956958132783253,0.00389232663199824,,,,,,,,,,,,,,,,,,,,,,local_layers=8,sample SD (ddof=1),,True,,
ablation_summary,local_layers,,GPSA-phikon,,test_ood_acc,,,3,,0.9638151448883455,0.008403260889678762,,,,,,,,,,,,,,,,,,,,,,local_layers=8,sample SD (ddof=1),,True,,
seed_level_result,local_layers,,GPSA-phikon,,val_ood_acc,0,,,,,,0.9584288333715334,,,,,,,,,,,,,,4873.946202700026,190.11058879998745,0,seed_0/best.pt,85800794,85800794,"{""ablation"": ""local_layers"", ""batch_size"": 16, ""dataset"": ""Camelyon17-WILDS"", ""gating_init"": 0.0, ""grad_accum_steps"": 2, ""image_size"": [224, 224], ""local_layers"": 10, ""locality_strength"": 1.0, ""lr"": 1e-05, ""model"": ""GPSA-phikon"", ""new_lr"": 0.001, ""normalize_mean"": [0.5, 0.5, 0.5], ""normalize_std"": [0.5, 0.5, 0.5], ""num_epochs"": 1, ""optimizer"": ""AdamW"", ""test_center"": 2, ""training_centers"": [0, 3, 4], ""validation_center"": 1, ""weight_decay"": 0.01}",local_layers=10,,,,"training loop incl. data loading; excludes model init, validation, and test",
seed_level_result,local_layers,,GPSA-phikon,,test_ood_acc,0,,,,,,0.9487737202247983,,,,,,,,,,,,,,4873.946202700026,190.11058879998745,0,seed_0/best.pt,85800794,85800794,"{""ablation"": ""local_layers"", ""batch_size"": 16, ""dataset"": ""Camelyon17-WILDS"", ""gating_init"": 0.0, ""grad_accum_steps"": 2, ""image_size"": [224, 224], ""local_layers"": 10, ""locality_strength"": 1.0, ""lr"": 1e-05, ""model"": ""GPSA-phikon"", ""new_lr"": 0.001, ""normalize_mean"": [0.5, 0.5, 0.5], ""normalize_std"": [0.5, 0.5, 0.5], ""num_epochs"": 1, ""optimizer"": ""AdamW"", ""test_center"": 2, ""training_centers"": [0, 3, 4], ""validation_center"": 1, ""weight_decay"": 0.01}",local_layers=10,,,,"training loop incl. data loading; excludes model init, validation, and test",
seed_level_result,local_layers,,GPSA-phikon,,val_ood_acc,1,,,,,,0.9567671327068531,,,,,,,,,,,,,,4820.316491100006,197.3681460999651,0,seed_1/best.pt,85800794,85800794,"{""ablation"": ""local_layers"", ""batch_size"": 16, ""dataset"": ""Camelyon17-WILDS"", ""gating_init"": 0.0, ""grad_accum_steps"": 2, ""image_size"": [224, 224], ""local_layers"": 10, ""locality_strength"": 1.0, ""lr"": 1e-05, ""model"": ""GPSA-phikon"", ""new_lr"": 0.001, ""normalize_mean"": [0.5, 0.5, 0.5], ""normalize_std"": [0.5, 0.5, 0.5], ""num_epochs"": 1, ""optimizer"": ""AdamW"", ""test_center"": 2, ""training_centers"": [0, 3, 4], ""validation_center"": 1, ""weight_decay"": 0.01}",local_layers=10,,,,"training loop incl. data loading; excludes model init, validation, and test",
seed_level_result,local_layers,,GPSA-phikon,,test_ood_acc,1,,,,,,0.9600018811578527,,,,,,,,,,,,,,4820.316491100006,197.3681460999651,0,seed_1/best.pt,85800794,85800794,"{""ablation"": ""local_layers"", ""batch_size"": 16, ""dataset"": ""Camelyon17-WILDS"", ""gating_init"": 0.0, ""grad_accum_steps"": 2, ""image_size"": [224, 224], ""local_layers"": 10, ""locality_strength"": 1.0, ""lr"": 1e-05, ""model"": ""GPSA-phikon"", ""new_lr"": 0.001, ""normalize_mean"": [0.5, 0.5, 0.5], ""normalize_std"": [0.5, 0.5, 0.5], ""num_epochs"": 1, ""optimizer"": ""AdamW"", ""test_center"": 2, ""training_centers"": [0, 3, 4], ""validation_center"": 1, ""weight_decay"": 0.01}",local_layers=10,,,,"training loop incl. data loading; excludes model init, validation, and test",
seed_level_result,local_layers,,GPSA-phikon,,val_ood_acc,2,,,,,,0.9589445335778134,,,,,,,,,,,,,,4878.56059529999,177.53431499999715,0,seed_2/best.pt,85800794,85800794,"{""ablation"": ""local_layers"", ""batch_size"": 16, ""dataset"": ""Camelyon17-WILDS"", ""gating_init"": 0.0, ""grad_accum_steps"": 2, ""image_size"": [224, 224], ""local_layers"": 10, ""locality_strength"": 1.0, ""lr"": 1e-05, ""model"": ""GPSA-phikon"", ""new_lr"": 0.001, ""normalize_mean"": [0.5, 0.5, 0.5], ""normalize_std"": [0.5, 0.5, 0.5], ""num_epochs"": 1, ""optimizer"": ""AdamW"", ""test_center"": 2, ""training_centers"": [0, 3, 4], ""validation_center"": 1, ""weight_decay"": 0.01}",local_layers=10,,,,"training loop incl. data loading; excludes model init, validation, and test",
seed_level_result,local_layers,,GPSA-phikon,,test_ood_acc,2,,,,,,0.9631293060878972,,,,,,,,,,,,,,4878.56059529999,177.53431499999715,0,seed_2/best.pt,85800794,85800794,"{""ablation"": ""local_layers"", ""batch_size"": 16, ""dataset"": ""Camelyon17-WILDS"", ""gating_init"": 0.0, ""grad_accum_steps"": 2, ""image_size"": [224, 224], ""local_layers"": 10, ""locality_strength"": 1.0, ""lr"": 1e-05, ""model"": ""GPSA-phikon"", ""new_lr"": 0.001, ""normalize_mean"": [0.5, 0.5, 0.5], ""normalize_std"": [0.5, 0.5, 0.5], ""num_epochs"": 1, ""optimizer"": ""AdamW"", ""test_center"": 2, ""training_centers"": [0, 3, 4], ""validation_center"": 1, ""weight_decay"": 0.01}",local_layers=10,,,,"training loop incl. data loading; excludes model init, validation, and test",
model_summary,local_layers,,GPSA-phikon,,val_ood_acc,,,3,,0.9580468332187332,0.0011378540001991215,,,,,,,,,,,,,,,,,,,,,,local_layers=10,sample SD (ddof=1),,True,,
model_summary,local_layers,,GPSA-phikon,,test_ood_acc,,,3,,0.9573016358235161,0.007549119486231867,,,,,,,,,,,,,,,,,,,,,,local_layers=10,sample SD (ddof=1),,True,,
run_metadata,local_layers,,GPSA-phikon,,,0,,,,,,,,,,,,,,,,,,,,4873.946202700026,190.11058879998745,0,seed_0/best.pt,85800794,85800794,"{""ablation"": ""local_layers"", ""batch_size"": 16, ""dataset"": ""Camelyon17-WILDS"", ""gating_init"": 0.0, ""grad_accum_steps"": 2, ""image_size"": [224, 224], ""local_layers"": 10, ""locality_strength"": 1.0, ""lr"": 1e-05, ""model"": ""GPSA-phikon"", ""new_lr"": 0.001, ""normalize_mean"": [0.5, 0.5, 0.5], ""normalize_std"": [0.5, 0.5, 0.5], ""num_epochs"": 1, ""optimizer"": ""AdamW"", ""test_center"": 2, ""training_centers"": [0, 3, 4], ""validation_center"": 1, ""weight_decay"": 0.01}",local_layers=10,,,,"training loop incl. data loading; excludes model init, validation, and test",
run_metadata,local_layers,,GPSA-phikon,,,1,,,,,,,,,,,,,,,,,,,,4820.316491100006,197.3681460999651,0,seed_1/best.pt,85800794,85800794,"{""ablation"": ""local_layers"", ""batch_size"": 16, ""dataset"": ""Camelyon17-WILDS"", ""gating_init"": 0.0, ""grad_accum_steps"": 2, ""image_size"": [224, 224], ""local_layers"": 10, ""locality_strength"": 1.0, ""lr"": 1e-05, ""model"": ""GPSA-phikon"", ""new_lr"": 0.001, ""normalize_mean"": [0.5, 0.5, 0.5], ""normalize_std"": [0.5, 0.5, 0.5], ""num_epochs"": 1, ""optimizer"": ""AdamW"", ""test_center"": 2, ""training_centers"": [0, 3, 4], ""validation_center"": 1, ""weight_decay"": 0.01}",local_layers=10,,,,"training loop incl. data loading; excludes model init, validation, and test",
run_metadata,local_layers,,GPSA-phikon,,,2,,,,,,,,,,,,,,,,,,,,4878.56059529999,177.53431499999715,0,seed_2/best.pt,85800794,85800794,"{""ablation"": ""local_layers"", ""batch_size"": 16, ""dataset"": ""Camelyon17-WILDS"", ""gating_init"": 0.0, ""grad_accum_steps"": 2, ""image_size"": [224, 224], ""local_layers"": 10, ""locality_strength"": 1.0, ""lr"": 1e-05, ""model"": ""GPSA-phikon"", ""new_lr"": 0.001, ""normalize_mean"": [0.5, 0.5, 0.5], ""normalize_std"": [0.5, 0.5, 0.5], ""num_epochs"": 1, ""optimizer"": ""AdamW"", ""test_center"": 2, ""training_centers"": [0, 3, 4], ""validation_center"": 1, ""weight_decay"": 0.01}",local_layers=10,,,,"training loop incl. data loading; excludes model init, validation, and test",
ablation_summary,local_layers,,GPSA-phikon,,val_ood_acc,,,3,,0.9580468332187332,0.0011378540001991215,,,,,,,,,,,,,,,,,,,,,,local_layers=10,sample SD (ddof=1),,True,,
ablation_summary,local_layers,,GPSA-phikon,,test_ood_acc,,,3,,0.9573016358235161,0.007549119486231867,,,,,,,,,,,,,,,,,,,,,,local_layers=10,sample SD (ddof=1),,True,,
seed_level_result,local_layers,,GPSA-phikon,,val_ood_acc,0,,,,,,0.9579704331881733,,,,,,,,,,,,,,12058.248286900052,204.56711420003558,0,seed_0/best.pt,85800914,85800914,"{""ablation"": ""local_layers"", ""batch_size"": 16, ""dataset"": ""Camelyon17-WILDS"", ""gating_init"": 0.0, ""grad_accum_steps"": 2, ""image_size"": [224, 224], ""local_layers"": 12, ""locality_strength"": 1.0, ""lr"": 1e-05, ""model"": ""GPSA-phikon"", ""new_lr"": 0.001, ""normalize_mean"": [0.5, 0.5, 0.5], ""normalize_std"": [0.5, 0.5, 0.5], ""num_epochs"": 1, ""optimizer"": ""AdamW"", ""test_center"": 2, ""training_centers"": [0, 3, 4], ""validation_center"": 1, ""weight_decay"": 0.01}",local_layers=12,,,,"training loop incl. data loading; excludes model init, validation, and test",
seed_level_result,local_layers,,GPSA-phikon,,test_ood_acc,0,,,,,,0.9243539398499777,,,,,,,,,,,,,,12058.248286900052,204.56711420003558,0,seed_0/best.pt,85800914,85800914,"{""ablation"": ""local_layers"", ""batch_size"": 16, ""dataset"": ""Camelyon17-WILDS"", ""gating_init"": 0.0, ""grad_accum_steps"": 2, ""image_size"": [224, 224], ""local_layers"": 12, ""locality_strength"": 1.0, ""lr"": 1e-05, ""model"": ""GPSA-phikon"", ""new_lr"": 0.001, ""normalize_mean"": [0.5, 0.5, 0.5], ""normalize_std"": [0.5, 0.5, 0.5], ""num_epochs"": 1, ""optimizer"": ""AdamW"", ""test_center"": 2, ""training_centers"": [0, 3, 4], ""validation_center"": 1, ""weight_decay"": 0.01}",local_layers=12,,,,"training loop incl. data loading; excludes model init, validation, and test",
seed_level_result,local_layers,,GPSA-phikon,,val_ood_acc,1,,,,,,0.9577412330964933,,,,,,,,,,,,,,22860.16306609998,200.80961930000922,0,seed_1/best.pt,85800914,85800914,"{""ablation"": ""local_layers"", ""batch_size"": 16, ""dataset"": ""Camelyon17-WILDS"", ""gating_init"": 0.0, ""grad_accum_steps"": 2, ""image_size"": [224, 224], ""local_layers"": 12, ""locality_strength"": 1.0, ""lr"": 1e-05, ""model"": ""GPSA-phikon"", ""new_lr"": 0.001, ""normalize_mean"": [0.5, 0.5, 0.5], ""normalize_std"": [0.5, 0.5, 0.5], ""num_epochs"": 1, ""optimizer"": ""AdamW"", ""test_center"": 2, ""training_centers"": [0, 3, 4], ""validation_center"": 1, ""weight_decay"": 0.01}",local_layers=12,,,,"training loop incl. data loading; excludes model init, validation, and test",
seed_level_result,local_layers,,GPSA-phikon,,test_ood_acc,1,,,,,,0.9644578738213371,,,,,,,,,,,,,,22860.16306609998,200.80961930000922,0,seed_1/best.pt,85800914,85800914,"{""ablation"": ""local_layers"", ""batch_size"": 16, ""dataset"": ""Camelyon17-WILDS"", ""gating_init"": 0.0, ""grad_accum_steps"": 2, ""image_size"": [224, 224], ""local_layers"": 12, ""locality_strength"": 1.0, ""lr"": 1e-05, ""model"": ""GPSA-phikon"", ""new_lr"": 0.001, ""normalize_mean"": [0.5, 0.5, 0.5], ""normalize_std"": [0.5, 0.5, 0.5], ""num_epochs"": 1, ""optimizer"": ""AdamW"", ""test_center"": 2, ""training_centers"": [0, 3, 4], ""validation_center"": 1, ""weight_decay"": 0.01}",local_layers=12,,,,"training loop incl. data loading; excludes model init, validation, and test",
seed_level_result,local_layers,,GPSA-phikon,,val_ood_acc,2,,,,,,0.9525269310107725,,,,,,,,,,,,,,4829.589527199976,182.57164009998087,0,seed_2/best.pt,85800914,85800914,"{""ablation"": ""local_layers"", ""batch_size"": 16, ""dataset"": ""Camelyon17-WILDS"", ""gating_init"": 0.0, ""grad_accum_steps"": 2, ""image_size"": [224, 224], ""local_layers"": 12, ""locality_strength"": 1.0, ""lr"": 1e-05, ""model"": ""GPSA-phikon"", ""new_lr"": 0.001, ""normalize_mean"": [0.5, 0.5, 0.5], ""normalize_std"": [0.5, 0.5, 0.5], ""num_epochs"": 1, ""optimizer"": ""AdamW"", ""test_center"": 2, ""training_centers"": [0, 3, 4], ""validation_center"": 1, ""weight_decay"": 0.01}",local_layers=12,,,,"training loop incl. data loading; excludes model init, validation, and test",
seed_level_result,local_layers,,GPSA-phikon,,test_ood_acc,2,,,,,,0.9592259035436311,,,,,,,,,,,,,,4829.589527199976,182.57164009998087,0,seed_2/best.pt,85800914,85800914,"{""ablation"": ""local_layers"", ""batch_size"": 16, ""dataset"": ""Camelyon17-WILDS"", ""gating_init"": 0.0, ""grad_accum_steps"": 2, ""image_size"": [224, 224], ""local_layers"": 12, ""locality_strength"": 1.0, ""lr"": 1e-05, ""model"": ""GPSA-phikon"", ""new_lr"": 0.001, ""normalize_mean"": [0.5, 0.5, 0.5], ""normalize_std"": [0.5, 0.5, 0.5], ""num_epochs"": 1, ""optimizer"": ""AdamW"", ""test_center"": 2, ""training_centers"": [0, 3, 4], ""validation_center"": 1, ""weight_decay"": 0.01}",local_layers=12,,,,"training loop incl. data loading; excludes model init, validation, and test",
model_summary,local_layers,,GPSA-phikon,,val_ood_acc,,,3,,0.9560795324318129,0.0030787766747672842,,,,,,,,,,,,,,,,,,,,,,local_layers=12,sample SD (ddof=1),,True,,
model_summary,local_layers,,GPSA-phikon,,test_ood_acc,,,3,,0.9493459057383152,0.021801196010071834,,,,,,,,,,,,,,,,,,,,,,local_layers=12,sample SD (ddof=1),,True,,
run_metadata,local_layers,,GPSA-phikon,,,0,,,,,,,,,,,,,,,,,,,,12058.248286900052,204.56711420003558,0,seed_0/best.pt,85800914,85800914,"{""ablation"": ""local_layers"", ""batch_size"": 16, ""dataset"": ""Camelyon17-WILDS"", ""gating_init"": 0.0, ""grad_accum_steps"": 2, ""image_size"": [224, 224], ""local_layers"": 12, ""locality_strength"": 1.0, ""lr"": 1e-05, ""model"": ""GPSA-phikon"", ""new_lr"": 0.001, ""normalize_mean"": [0.5, 0.5, 0.5], ""normalize_std"": [0.5, 0.5, 0.5], ""num_epochs"": 1, ""optimizer"": ""AdamW"", ""test_center"": 2, ""training_centers"": [0, 3, 4], ""validation_center"": 1, ""weight_decay"": 0.01}",local_layers=12,,,,"training loop incl. data loading; excludes model init, validation, and test",
run_metadata,local_layers,,GPSA-phikon,,,1,,,,,,,,,,,,,,,,,,,,22860.16306609998,200.80961930000922,0,seed_1/best.pt,85800914,85800914,"{""ablation"": ""local_layers"", ""batch_size"": 16, ""dataset"": ""Camelyon17-WILDS"", ""gating_init"": 0.0, ""grad_accum_steps"": 2, ""image_size"": [224, 224], ""local_layers"": 12, ""locality_strength"": 1.0, ""lr"": 1e-05, ""model"": ""GPSA-phikon"", ""new_lr"": 0.001, ""normalize_mean"": [0.5, 0.5, 0.5], ""normalize_std"": [0.5, 0.5, 0.5], ""num_epochs"": 1, ""optimizer"": ""AdamW"", ""test_center"": 2, ""training_centers"": [0, 3, 4], ""validation_center"": 1, ""weight_decay"": 0.01}",local_layers=12,,,,"training loop incl. data loading; excludes model init, validation, and test",
run_metadata,local_layers,,GPSA-phikon,,,2,,,,,,,,,,,,,,,,,,,,4829.589527199976,182.57164009998087,0,seed_2/best.pt,85800914,85800914,"{""ablation"": ""local_layers"", ""batch_size"": 16, ""dataset"": ""Camelyon17-WILDS"", ""gating_init"": 0.0, ""grad_accum_steps"": 2, ""image_size"": [224, 224], ""local_layers"": 12, ""locality_strength"": 1.0, ""lr"": 1e-05, ""model"": ""GPSA-phikon"", ""new_lr"": 0.001, ""normalize_mean"": [0.5, 0.5, 0.5], ""normalize_std"": [0.5, 0.5, 0.5], ""num_epochs"": 1, ""optimizer"": ""AdamW"", ""test_center"": 2, ""training_centers"": [0, 3, 4], ""validation_center"": 1, ""weight_decay"": 0.01}",local_layers=12,,,,"training loop incl. data loading; excludes model init, validation, and test",
ablation_summary,local_layers,,GPSA-phikon,,val_ood_acc,,,3,,0.9560795324318129,0.0030787766747672842,,,,,,,,,,,,,,,,,,,,,,local_layers=12,sample SD (ddof=1),,True,,
ablation_summary,local_layers,,GPSA-phikon,,test_ood_acc,,,3,,0.9493459057383152,0.021801196010071834,,,,,,,,,,,,,,,,,,,,,,local_layers=12,sample SD (ddof=1),,True,,
seed_level_result,epoch_count,,GPSA-phikon,,val_ood_acc,0,,,,,,0.9584001833600734,,,,,,,,,,,,,,,,0,,,,,epochs=1,,,,,legacy run; runtime/config metadata not recorded
seed_level_result,epoch_count,,GPSA-phikon,,test_ood_acc,0,,,,,,0.9487972346979566,,,,,,,,,,,,,,,,0,,,,,epochs=1,,,,,legacy run; runtime/config metadata not recorded
seed_level_result,epoch_count,,GPSA-phikon,,val_ood_acc,1,,,,,,0.9567957827183131,,,,,,,,,,,,,,,,0,,,,,epochs=1,,,,,legacy run; runtime/config metadata not recorded
seed_level_result,epoch_count,,GPSA-phikon,,test_ood_acc,1,,,,,,0.9600018811578527,,,,,,,,,,,,,,,,0,,,,,epochs=1,,,,,legacy run; runtime/config metadata not recorded
seed_level_result,epoch_count,,GPSA-phikon,,val_ood_acc,2,,,,,,0.9588872335548935,,,,,,,,,,,,,,,,0,,,,,epochs=1,,,,,legacy run; runtime/config metadata not recorded
seed_level_result,epoch_count,,GPSA-phikon,,test_ood_acc,2,,,,,,0.9631410633244762,,,,,,,,,,,,,,,,0,,,,,epochs=1,,,,,legacy run; runtime/config metadata not recorded
model_summary,epoch_count,,GPSA-phikon,,val_ood_acc,,,3,,0.9580277332110932,0.0010943404340353219,,,,,,,,,,,,,,,,,,,,,,epochs=1,sample SD (ddof=1),,True,,
model_summary,epoch_count,,GPSA-phikon,,test_ood_acc,,,3,,0.9573133930600952,0.007540380037211566,,,,,,,,,,,,,,,,,,,,,,epochs=1,sample SD (ddof=1),,True,,
ablation_summary,epoch_count,,GPSA-phikon,,val_ood_acc,,,3,,0.9580277332110932,0.0010943404340353219,,,,,,,,,,,,,,,,,,,,,,epochs=1,sample SD (ddof=1),,True,,
ablation_summary,epoch_count,,GPSA-phikon,,test_ood_acc,,,3,,0.9573133930600952,0.007540380037211566,,,,,,,,,,,,,,,,,,,,,,epochs=1,sample SD (ddof=1),,True,,
seed_level_result,epoch_count,,GPSA-phikon,,val_ood_acc,0,,,,,,0.9598899839559936,,,,,,,,,,,,,,,,2,,,,,epochs=3,,,,,legacy run; runtime/config metadata not recorded
seed_level_result,epoch_count,,GPSA-phikon,,test_ood_acc,0,,,,,,0.9247184141839302,,,,,,,,,,,,,,,,2,,,,,epochs=3,,,,,legacy run; runtime/config metadata not recorded
seed_level_result,epoch_count,,GPSA-phikon,,val_ood_acc,1,,,,,,0.9543891817556727,,,,,,,,,,,,,,,,2,,,,,epochs=3,,,,,legacy run; runtime/config metadata not recorded
seed_level_result,epoch_count,,GPSA-phikon,,test_ood_acc,1,,,,,,0.9257765654760505,,,,,,,,,,,,,,,,2,,,,,epochs=3,,,,,legacy run; runtime/config metadata not recorded
seed_level_result,epoch_count,,GPSA-phikon,,val_ood_acc,2,,,,,,0.955678432271373,,,,,,,,,,,,,,,,2,,,,,epochs=3,,,,,legacy run; runtime/config metadata not recorded
seed_level_result,epoch_count,,GPSA-phikon,,test_ood_acc,2,,,,,,0.9641169139605427,,,,,,,,,,,,,,,,2,,,,,epochs=3,,,,,legacy run; runtime/config metadata not recorded
model_summary,epoch_count,,GPSA-phikon,,val_ood_acc,,,3,,0.9566525326610131,0.002876866331372831,,,,,,,,,,,,,,,,,,,,,,epochs=3,sample SD (ddof=1),,True,,
model_summary,epoch_count,,GPSA-phikon,,test_ood_acc,,,3,,0.9382039645401744,0.022447508364764567,,,,,,,,,,,,,,,,,,,,,,epochs=3,sample SD (ddof=1),,True,,
ablation_summary,epoch_count,,GPSA-phikon,,val_ood_acc,,,3,,0.9566525326610131,0.002876866331372831,,,,,,,,,,,,,,,,,,,,,,epochs=3,sample SD (ddof=1),,True,,
ablation_summary,epoch_count,,GPSA-phikon,,test_ood_acc,,,3,,0.9382039645401744,0.022447508364764567,,,,,,,,,,,,,,,,,,,,,,epochs=3,sample SD (ddof=1),,True,,
seed_level_result,epoch_count,,GPSA-phikon,,val_ood_acc,0,,,,,,0.9623538849415539,,,,,,,,,,,,,,,,4,,,,,epochs=5,,,,,legacy run; runtime/config metadata not recorded
seed_level_result,epoch_count,,GPSA-phikon,,test_ood_acc,0,,,,,,0.940002821736779,,,,,,,,,,,,,,,,4,,,,,epochs=5,,,,,legacy run; runtime/config metadata not recorded
seed_level_result,epoch_count,,GPSA-phikon,,val_ood_acc,1,,,,,,0.9650756360302544,,,,,,,,,,,,,,,,4,,,,,epochs=5,,,,,legacy run; runtime/config metadata not recorded
seed_level_result,epoch_count,,GPSA-phikon,,test_ood_acc,1,,,,,,0.9414019328896936,,,,,,,,,,,,,,,,4,,,,,epochs=5,,,,,legacy run; runtime/config metadata not recorded
seed_level_result,epoch_count,,GPSA-phikon,,val_ood_acc,2,,,,,,0.9615803346321339,,,,,,,,,,,,,,23704.804655400003,923.4407537999941,2,seed_2/best.pt,85800794,85800794,"{""ablation"": ""epoch_count"", ""batch_size"": 16, ""dataset"": ""Camelyon17-WILDS"", ""epoch_condition"": 5, ""gating_init"": 0.0, ""grad_accum_steps"": 2, ""image_size"": [224, 224], ""local_layers"": 10, ""locality_strength"": 1.0, ""lr"": 1e-05, ""model"": ""GPSA-phikon"", ""new_lr"": 0.001, ""normalize_mean"": [0.5, 0.5, 0.5], ""normalize_std"": [0.5, 0.5, 0.5], ""num_epochs"": 5, ""optimizer"": ""AdamW"", ""test_center"": 2, ""training_centers"": [0, 3, 4], ""validation_center"": 1, ""weight_decay"": 0.01}",epochs=5,,,,"training loop incl. data loading; excludes model init, validation, and test",
seed_level_result,epoch_count,,GPSA-phikon,,test_ood_acc,2,,,,,,0.9672678533637454,,,,,,,,,,,,,,23704.804655400003,923.4407537999941,2,seed_2/best.pt,85800794,85800794,"{""ablation"": ""epoch_count"", ""batch_size"": 16, ""dataset"": ""Camelyon17-WILDS"", ""epoch_condition"": 5, ""gating_init"": 0.0, ""grad_accum_steps"": 2, ""image_size"": [224, 224], ""local_layers"": 10, ""locality_strength"": 1.0, ""lr"": 1e-05, ""model"": ""GPSA-phikon"", ""new_lr"": 0.001, ""normalize_mean"": [0.5, 0.5, 0.5], ""normalize_std"": [0.5, 0.5, 0.5], ""num_epochs"": 5, ""optimizer"": ""AdamW"", ""test_center"": 2, ""training_centers"": [0, 3, 4], ""validation_center"": 1, ""weight_decay"": 0.01}",epochs=5,,,,"training loop incl. data loading; excludes model init, validation, and test",
model_summary,epoch_count,,GPSA-phikon,,val_ood_acc,,,3,,0.9630032852013141,0.0018359121680946902,,,,,,,,,,,,,,,,,,,,,,epochs=5,sample SD (ddof=1),,True,,
model_summary,epoch_count,,GPSA-phikon,,test_ood_acc,,,3,,0.9495575359967394,0.015353530015426765,,,,,,,,,,,,,,,,,,,,,,epochs=5,sample SD (ddof=1),,True,,
run_metadata,epoch_count,,GPSA-phikon,,,2,,,,,,,,,,,,,,,,,,,,23704.804655400003,923.4407537999941,2,seed_2/best.pt,85800794,85800794,"{""ablation"": ""epoch_count"", ""batch_size"": 16, ""dataset"": ""Camelyon17-WILDS"", ""epoch_condition"": 5, ""gating_init"": 0.0, ""grad_accum_steps"": 2, ""image_size"": [224, 224], ""local_layers"": 10, ""locality_strength"": 1.0, ""lr"": 1e-05, ""model"": ""GPSA-phikon"", ""new_lr"": 0.001, ""normalize_mean"": [0.5, 0.5, 0.5], ""normalize_std"": [0.5, 0.5, 0.5], ""num_epochs"": 5, ""optimizer"": ""AdamW"", ""test_center"": 2, ""training_centers"": [0, 3, 4], ""validation_center"": 1, ""weight_decay"": 0.01}",epochs=5,,,,"training loop incl. data loading; excludes model init, validation, and test",
ablation_summary,epoch_count,,GPSA-phikon,,val_ood_acc,,,3,,0.9630032852013141,0.0018359121680946902,,,,,,,,,,,,,,,,,,,,,,epochs=5,sample SD (ddof=1),,True,,
ablation_summary,epoch_count,,GPSA-phikon,,test_ood_acc,,,3,,0.9495575359967394,0.015353530015426765,,,,,,,,,,,,,,,,,,,,,,epochs=5,sample SD (ddof=1),,True,,
